variation_id,name,clinical_significance
4851852,NM_000384.3(APOB):c.4473_4474del (p.Arg1491fs),Pathogenic
4823125,NM_000384.3(APOB):c.6917C>A (p.Ser2306Ter),Pathogenic
4794201,NM_000384.3(APOB):c.9721G>T (p.Glu3241Ter),Pathogenic
4792430,NM_000384.3(APOB):c.11470C>T (p.Gln3824Ter),Pathogenic
4787609,NM_000384.3(APOB):c.6022G>T (p.Glu2008Ter),Pathogenic
4786150,NM_000384.3(APOB):c.5303C>A (p.Ser1768Ter),Pathogenic
4785641,NM_000384.3(APOB):c.10171dup (p.Arg3391fs),Pathogenic
4785552,NM_000384.3(APOB):c.4009del (p.Val1337fs),Pathogenic
4785096,NM_000384.3(APOB):c.2992del (p.Asp998fs),Pathogenic
4784371,NM_000384.3(APOB):c.8602G>T (p.Glu2868Ter),Pathogenic
4784355,NM_000384.3(APOB):c.4069del (p.Asp1357fs),Pathogenic
4784103,NM_000384.3(APOB):c.4034del (p.Leu1345fs),Pathogenic
4783531,NM_000384.3(APOB):c.3842+2T>C,Likely pathogenic
4783133,NM_000384.3(APOB):c.32del (p.Leu11fs),Pathogenic
4686062,NM_000384.3(APOB):c.5148del (p.Ala1716_Met1717insTer),Likely pathogenic
4682550,GRCh37/hg19 2p25.3-23.1(chr2:12771-30565600)x3,Pathogenic
4542538,NM_000384.3(APOB):c.1470+1G>T,Likely pathogenic
4542537,NM_000384.3(APOB):c.3696+1G>T,Pathogenic
4533252,NM_000384.3(APOB):c.5943dup (p.Lys1982fs),Likely pathogenic
4532934,NM_000384.3(APOB):c.2673del (p.Pro892fs),Likely pathogenic
4531296,NM_000384.3(APOB):c.3207del (p.Phe1069fs),Likely pathogenic
4077157,NM_000384.3(APOB):c.4383G>A (p.Trp1461Ter),Likely pathogenic
4072067,NM_000384.3(APOB):c.819-1G>A,Likely pathogenic
4070954,NM_000384.3(APOB):c.6672_6673del (p.Lys2224fs),Pathogenic
3911889,NM_000384.3(APOB):c.3565dup (p.Met1189fs),Likely pathogenic
3903258,NM_000384.3(APOB):c.1150C>T (p.Gln384Ter),Likely pathogenic
3899242,NM_000384.3(APOB):c.10142T>A (p.Leu3381Ter),Likely pathogenic
3898700,NM_000384.3(APOB):c.12088-1G>C,Likely pathogenic
3896614,NM_000384.3(APOB):c.904+2T>A,Likely pathogenic
3893241,NM_000384.3(APOB):c.9294C>A (p.Tyr3098Ter),Likely pathogenic
3885619,NM_000384.3(APOB):c.237+1G>A,Likely pathogenic
3885337,NM_000384.3(APOB):c.2164_2171dup (p.Gln725fs),Pathogenic
3779350,NM_000384.3(APOB):c.11238_11239del (p.Met3746fs),Likely pathogenic
3775164,NM_000384.3(APOB):c.7658G>A (p.Trp2553Ter),Pathogenic
3767115,NM_000384.3(APOB):c.10922del (p.Ser3641fs),Likely pathogenic
3764668,NM_000384.3(APOB):c.9857del (p.Leu3286fs),Likely pathogenic
3763156,NM_000384.3(APOB):c.9546_9547del (p.His3182fs),Pathogenic
